x_plot	y_plot	size_plot	log10FDR
4.11594202898551	HYPOXIA	71	9.25377042172545
4.40579710144928	INFLAMMATORY_RESPONSE	76	19.0029713216922
5.44927536231884	INTERFERON_GAMMA_RESPONSE	94	26.0017564946384
5.44927536231884	TNFA_SIGNALING_VIA_NFKB	94	21.8482222272307
6.43478260869565	EMT	111	37.5634920619434
7.71014492753623	MATRISOME_ASSOCIATED	133	15.2955012066003
