x_plot	y_plot	size_plot	log10FDR
1.04166666666667	Glucocorticoid receptor pathway	8	0.921152248570516
1.04166666666667	RNA degradation	8	0.5753143464536
1.30208333333333	SLC transporter disorder	10	0.487173246884015
3.25520833333333	Glycolysis	25	4.30269915528909
4.94791666666667	Hypoxia	38	11.9921330189742
